time,signal
0.0,0.0
4.46,11.71
17.42,5.855
30.380000000000003,2.9275000000000007
