time,signal
0.0,0.0
5.3,9.67
19.169999999999998,4.835
33.04,2.4175000000000004
