time,signal
0.0,0.0
5.58,9.83
33.52,3.6370999999999998
61.46000000000001,1.3457270000000006
