time,signal
0.0,0.0
0.9000000000000001,-255.0
3.2800000000000002,-94.35
