time,signal
0.0,0.0
4.68,4.48
25.55,1.6576000000000002
46.42,0.6133120000000004
