time,signal
0.0,0.0
5.999999999999999,-1.31
34.699999999999996,-0.655
63.39999999999999,-0.3275
