time,signal
0.0,0.0
3.9124999999999996,-0.77
31.68625,-0.385
59.46,-0.19249999999999995
