time,signal
0.0,0.0
0.7666666666666667,-32.5
15.297530864197524,-12.616306008072508
40.0,-2.525313292872345
40.766666666666666,-25.600313292872343
49.114184397163115,-14.865070109223145
80.0,-1.9891941987749884
80.76666666666667,-20.614194198774992
86.62238805970149,-14.078590746697575
120.0,-1.6017630348313374
120.76666666666667,-17.089263034831337
125.27624521072796,-12.740508784490173
160.0,-1.3278690186846636
160.76666666666668,-15.627869018684665
164.43333333333334,-12.308405899296906