time,signal
0.0,0.0
18.999999999999996,-0.3
59.1,-0.15
99.2,-0.07500000000000001
