time,signal
0.0,0.0
9.922,2.7457
94.086,1.015909
178.25,0.37588632999999994
