time,signal
0.0,0.0
2.0,0.9
8.925,0.333
15.850000000000001,0.12321000000000004
