time,signal
0.0,0.0
0.7499999999999999,3.57
7.875,1.2827500986061025
15.0,0.46090975223360386
15.75,3.1384097522336036
20.575,1.5692048761168018
30.0,0.40518870064692336
30.75,2.4043887006469236
35.575,1.2021943503234618
