time,signal
0.0,0.0
2.0624999999999996,-1.43
15.38125,-0.715
