time,signal
0.0,0.0
1.8875,-43.9
11.587499999999999,-16.243
21.287499999999998,-6.00991
