time,signal
0.0,0.0
1.174,0.7
6.9559999999999995,0.259
12.738,0.09583000000000003
