time,signal
0.0,0.0
1.6119999999999948,-89.0
11.22753329758217,-32.93
20.843066595164345,-12.18410000000001
