time,signal
0.0,0.0
1.217,4.7
5.436999999999999,1.739
9.656999999999998,0.64343
