time,signal
0.0,0.0
1.0,-21.2
2.581,-7.843999999999999
4.162,-2.9022799999999993
