time,signal
0.0,0.0
5.124999999999999,0.293
49.625,0.1465
94.125,0.07324999999999998
