time,signal
0.0,0.0
22.274,2.9192
98.103,1.080104
173.932,0.3996384799999998
