time,signal
0.0,0.0
1.4999999999999998,2.4
5.6,0.888
9.7,0.32856000000000013
