time,signal
0.0,0.0
1.875,1.1
9.756,0.40700000000000003
17.637,0.15058999999999997
