time,signal
0.0,0.0
15.337,12.67
55.8,4.6879
96.26299999999999,1.7345229999999996
