time,signal
0.0,0.0
15.377,2.76
62.185,1.0211999999999999
108.99300000000001,0.37784399999999996
