time,signal
0.0,0.0
1.55,6.0
5.77,2.2199999999999998
9.989999999999998,0.8213999999999997
