time,signal
0.0,0.0
2.46,9.52
6.68,3.5223999999999998
10.899999999999999,1.3032879999999993
