time,signal
0.0,0.0
3.3666666666666667,3.15
30.866666666666667,1.1655
58.36666666666667,0.43123499999999987
