time,signal
0.0,0.0
0.6962025316455697,17.04
10.45620253164557,8.52
20.21620253164557,4.2600000000000025
