time,signal
0.0,0.0
11.484,8.2
86.00699999999999,3.034
160.52999999999997,1.1225799999999997
