time,signal
0.0,0.0
0.49050632911392406,20.7
7.890506329113925,10.35
15.290506329113926,5.174999999999999
