time,signal
0.0,0.0
3.5000000000000004,2.2
27.3,0.8140000000000001
51.1,0.30117999999999995
