time,signal
0.0,0.0
10.914,2.1901
60.353,0.8103370000000001
109.792,0.29982469
