time,signal
0.0,0.0
14.523,2.35
58.102999999999994,0.8695
101.68299999999999,0.32171500000000014
