time,signal
0.0,0.0
1.625,0.7
8.3125,0.3965809894615143
15.0,0.22468068743181965
16.625,1.0646806874318195
28.32697368421053,0.39393185434977335
60000.0,0.0
60001.625,0.7
60015.8125,0.20969342348091843
60030.0,0.06281618835878257
60031.625,0.7628161883587825
60043.32697368421,0.2822419896927496
