time,signal
0.0,0.0
14.499999999999998,9.28
51.173,3.4335999999999998
87.846,1.2704319999999996
