time,signal
0.0,0.0
1.375,1.1
8.1875,0.49408888511525395
15.0,0.2219307512676678
16.375,1.4869307512676677
22.275,0.7434653756338337
60000.0,0.0
60001.375,1.1
60015.6875,0.20471036635163312
60030.0,0.038096667356199855
60031.375,1.2040966673562
60037.275,0.6020483336780998
