time,signal
0.0,0.0
10.418,2.3368
77.219,0.864616
144.01999999999998,0.3199079199999999
