time,signal
0.0,0.0
1.4,-109.3
7.4670000000000005,-40.440999999999995
13.534,-14.963169999999996
