time,signal
0.0,0.0
1.7,15.8
20.4,5.846
39.099999999999994,2.163020000000001
