time,signal
0.0,0.0
11.963,0.96
45.857,0.35519999999999996
79.751,0.13142399999999996
