time,signal
0.0,0.0
20.248,2.8301
107.52300000000001,1.047137
194.79800000000003,0.38744069000000014
