time,signal
0.0,0.0
13.67,2.18
54.021,0.8066000000000001
94.372,0.298442
