time,signal
0.0,0.0
1.7499999999999998,0.121
42.95,0.0605
84.15,0.030249999999999992
