time,signal
0.0,0.0
3.1666666666666665,2.8
31.366666666666667,1.036
59.56666666666667,0.3833200000000001
