time,signal
0.0,0.0
0.3,-10.18
1.3880000000000001,-3.7666
2.4760000000000004,-1.3936419999999998
