time,signal
0.0,0.0
4.749999999999999,1.7
13.55,0.629
22.35,0.23273000000000008
