time,signal
0.0,0.0
3.9374999999999996,-2.87
15.81875,-1.435
