time,signal
0.0,0.0
2.46,5.57
11.950000000000001,2.785
21.44,1.3925000000000003
