time,signal
0.0,0.0
2.166666666666667,-67.6
11.166666666666668,-25.011999999999997
20.166666666666668,-9.254439999999999
