time,signal
0.0,0.0
1.7499999999999998,0.127
37.45,0.0635
73.15,0.031749999999999994
