time,signal
0.0,0.0
5.666666666666667,-148.0
25.666666666666668,-54.76
45.66666666666667,-20.261199999999995
