time,signal
0.0,0.0
2.0,-20.6
10.9,-7.622000000000001
19.8,-2.8201400000000025
