time,signal
0.0,0.0
0.5166666666666667,-146.16
7.576666666666666,-54.0792
14.636666666666665,-20.009303999999993
