time,signal
0.0,0.0
16.196,3.7882
126.363,1.4016339999999998
236.53,0.5186045799999999
