time,signal
0.0,0.0
13.243,1.9
51.980000000000004,0.703
90.71700000000001,0.26010999999999995
