time,signal
0.0,0.0
18.222,3.2003
116.94200000000001,1.184111
215.662,0.43812106999999995
