time,signal
0.0,0.0
0.8860759493670887,18.2
11.386075949367088,9.1
21.886075949367086,4.549999999999999
