time,signal
0.0,0.0
0.6487341772151898,23.68
9.508734177215189,11.84
18.368734177215188,5.919999999999999
