time,signal
0.0,0.0
14.95,2.71
60.144000000000005,1.0027
105.33800000000001,0.3709989999999999
