time,signal
0.0,0.0
9.426,3.9158
110.952,1.4488459999999999
212.478,0.5360730199999999
