time,signal
0.0,0.0
1.875,2.7
17.378999999999998,0.999
32.882999999999996,0.36962999999999996
