time,signal
0.0,0.0
18.92,-0.57
39.46,-0.36666056569883493
60.0,-0.23585959726068356
78.92,-0.7398364972606835
100.43,-0.46609699327423065
