time,signal
0.0,0.0
3.6249999999999996,-0.3
20.5125,-0.15
37.4,-0.07500000000000001
