time,signal
0.0,0.0
0.6625,-164.0
5.262499999999999,-60.68
9.862499999999999,-22.45159999999999
