time,signal
0.0,0.0
4.45,1.93
35.160000000000004,0.7141
65.87,0.2642169999999999
