time,signal
0.0,0.0
2.214,5.05
13.924000000000001,1.8684999999999998
25.634000000000004,0.691345
