time,signal
0.0,0.0
5.172,-1.9
53.559999999999995,-0.703
101.948,-0.26010999999999995
