time,signal
0.0,0.0
0.680379746835443,16.95
7.780379746835442,8.475
14.880379746835441,4.2375000000000025
