time,signal
0.0,0.0
15.924,11.83
55.631,4.3770999999999995
95.338,1.6195269999999993
