time,signal
0,0
1.336,-24.198
3.271,-8.95326
10000,0
10001.336,-20.5683
10003.28217,-7.566701587
