time,signal
0.0,0.0
1.875,-24.0
10.375,-8.879999999999999
18.875,-3.2855999999999987
