time,signal
0.0,0.0
1.5,13.7
16.1,5.069
30.700000000000003,1.8755300000000006
