time,signal
0.0,0.0
5.25,0.323
32.05,0.1615
58.849999999999994,0.08074999999999999
