time,signal
0.0,0.0
5.599,1.75
44.867999999999995,0.6475
84.13699999999999,0.23957499999999998
