time,signal
0.0,0.0
1.7499999999999998,-12.8
9.75,-4.736
17.75,-1.7523199999999992
