time,signal
0.0,0.0
5.124999999999999,0.341
47.425,0.1705
89.725,0.08524999999999999
