time,signal
0.0,0.0
5.17,10.32
27.185000000000002,5.16
49.2,2.5799999999999996
