time,signal
0.0,0.0
5.374999999999999,0.396
23.175,0.198
40.975,0.09899999999999998
