time,signal
0.0,0.0
4.875,0.131
27.475,0.04847
50.075,0.017933899999999996
