time,signal
0.0,0.0
6.374999999999999,0.289
61.575,0.1445
116.775,0.07224999999999998
