time,signal
0.0,0.0
1.4999999999999998,0.149
42.8,0.0745
84.1,0.03724999999999999
