time,signal
0.0,0.0
2.325,-31.4
12.925,-11.617999999999999
23.525000000000002,-4.298659999999999
