time,signal
0.0,0.0
2.0499999999999545,-9.8
9.789202921654029,-3.6260000000000003
17.528405843308104,-1.3416199999999998
