time,signal
0.0,0.0
2.5,-24.0
13.0,-8.879999999999999
23.5,-3.285599999999999
